{
  "0_outs__000": {
    "0": 0.7374501189608952,
    "1": 0.1405373605394329,
    "2": 0.06737551271607639,
    "3": 0.030592732081402972,
    "4": 0.013950766696690979,
    "5": 0.005584926954780503,
    "6": 0.002781361357625518,
    "7": 0.0017272206930952435
  },
  "1_outs__000": {
    "0": 0.844802194065883,
    "1": 0.09365391669520352,
    "2": 0.036681810482136354,
    "3": 0.014898358106551855,
    "4": 0.005819380752811742,
    "5": 0.0024680803873372036,
    "6": 0.0010970938741885284,
    "7": 0.000579165635887918
  },
  "2_outs__000": {
    "0": 0.9334470408028767,
    "1": 0.046286364042683124,
    "2": 0.013711939057038582,
    "3": 0.004280506706543825,
    "4": 0.001629100021665781,
    "5": 0.0004927828710037622,
    "6": 0.0001140104874497559,
    "7": 3.8256010738954635e-05
  },
  "0_outs__100": {
    "0": 0.5928833304326111,
    "1": 0.15380227921090264,
    "2": 0.13233062935581263,
    "3": 0.06451048421881028,
    "4": 0.032917836414404725,
    "5": 0.01343255064282525,
    "6": 0.0058654493723089484,
    "7": 0.004257440352324234
  },
  "1_outs__010": {
    "0": 0.6157489297817942,
    "1": 0.23076765860039233,
    "2": 0.08454166418930968,
    "3": 0.040135040727748365,
    "4": 0.01709562102384208,
    "5": 0.006690721802723109,
    "6": 0.003532091682026279,
    "7": 0.0014882721921636239
  },
  "0_outs__010": {
    "0": 0.42540326987388244,
    "1": 0.3213071845424143,
    "2": 0.13251349697274373,
    "3": 0.06666794168433475,
    "4": 0.027870975497803322,
    "5": 0.01393685383926034,
    "6": 0.006833183974120783,
    "7": 0.005467093615440099
  },
  "2_outs__001": {
    "0": 0.7624082629162886,
    "1": 0.16776190754656287,
    "2": 0.04495848074617698,
    "3": 0.017547001549662277,
    "4": 0.004389491535335221,
    "5": 0.0014656004210403194,
    "6": 0.000734627642466594,
    "7": 0.000734627642466594
  },
  "1_outs__100": {
    "0": 0.7391829778679386,
    "1": 0.10721911532674183,
    "2": 0.09039009814134545,
    "3": 0.03761856461428806,
    "4": 0.015763687092981458,
    "5": 0.005635817022132061,
    "6": 0.0025136916619454036,
    "7": 0.0016760482726270324
  },
  "2_outs__100": {
    "0": 0.8759456810822458,
    "1": 0.05748693093096638,
    "2": 0.04486801052019469,
    "3": 0.014169350339603926,
    "4": 0.005387762451406087,
    "5": 0.0014028402164255542,
    "6": 0.0005173019419854358,
    "7": 0.00022212251717206299
  },
  "0_outs__110": {
    "0": 0.3956619436522984,
    "1": 0.2097772369619421,
    "2": 0.15490765486659594,
    "3": 0.11720814607999758,
    "4": 0.06943055078609073,
    "5": 0.03098451707302506,
    "6": 0.010828344058408107,
    "7": 0.011201606521641755
  },
  "0_outs__111": {
    "0": 0.14814551048313584,
    "1": 0.27633603008204194,
    "2": 0.1923000227894257,
    "3": 0.1410238149498633,
    "4": 0.12962910209662717,
    "5": 0.05841214676390155,
    "6": 0.03277404284412033,
    "7": 0.02137932999088423
  },
  "0_outs__011": {
    "0": 0.16691676364304528,
    "1": 0.2541955043792491,
    "2": 0.2955380657806088,
    "3": 0.14394867397562322,
    "4": 0.07810681692901329,
    "5": 0.02757701966068476,
    "6": 0.018389783793715933,
    "7": 0.015327371838059657
  },
  "0_outs__101": {
    "0": 0.14178158697426643,
    "1": 0.4092129569961765,
    "2": 0.17829832023027023,
    "3": 0.13318941444344204,
    "4": 0.06767409889590584,
    "5": 0.041897581303432574,
    "6": 0.01289899901190016,
    "7": 0.015047042144606265
  },
  "1_outs__101": {
    "0": 0.36085601352945806,
    "1": 0.36823035475497523,
    "2": 0.11307814835208055,
    "3": 0.0875137654369543,
    "4": 0.044742586328954614,
    "5": 0.01622846692362149,
    "6": 0.004921143711161803,
    "7": 0.0044295209627939905
  },
  "1_outs__011": {
    "0": 0.3303637101478682,
    "1": 0.2587123037512365,
    "2": 0.2498351383569635,
    "3": 0.08941207801760215,
    "4": 0.046294417531133496,
    "5": 0.0158584218936262,
    "6": 0.005713090014457098,
    "7": 0.0038108402871128923
  },
  "1_outs__110": {
    "0": 0.5979915912605996,
    "1": 0.15244395655188345,
    "2": 0.09800047999146679,
    "3": 0.09000062221116065,
    "4": 0.038890419725871525,
    "5": 0.01266866366820145,
    "6": 0.005557678974596005,
    "7": 0.004446587616220155
  },
  "1_outs__111": {
    "0": 0.34995475956036937,
    "1": 0.2681227878755622,
    "2": 0.13772387364611333,
    "3": 0.08915693110147165,
    "4": 0.09314873459829151,
    "5": 0.03327168214599356,
    "6": 0.01996567048992735,
    "7": 0.00865556058227107
  },
  "2_outs__110": {
    "0": 0.7852877010185912,
    "1": 0.10105835741178527,
    "2": 0.043963240229985684,
    "3": 0.04651701543939525,
    "4": 0.01660136298631176,
    "5": 0.003650074424306102,
    "6": 0.0023731868196013185,
    "7": 0.0005490616700230568
  },
  "2_outs__101": {
    "0": 0.7354418937100569,
    "1": 0.13875224240385683,
    "2": 0.062370361027020926,
    "3": 0.043099702881488934,
    "4": 0.01331777665657584,
    "5": 0.004558386590424932,
    "6": 0.0010546305639645692,
    "7": 0.0014050061666106056
  },
  "2_outs__010": {
    "0": 0.7866176070546096,
    "1": 0.13913273864847095,
    "2": 0.046472978487067294,
    "3": 0.01771161562351234,
    "4": 0.007085496338947701,
    "5": 0.0019849590823566745,
    "6": 0.0008515063586697797,
    "7": 0.00014309840636547047
  },
  "1_outs__001": {
    "0": 0.3707623719256424,
    "1": 0.4544261581130951,
    "2": 0.09971462626355239,
    "3": 0.04756801980424967,
    "4": 0.014331721181836937,
    "5": 0.0057361267105233,
    "6": 0.0040170078162605725,
    "7": 0.0034439681848396635
  },
  "0_outs__001": {
    "0": 0.1967078767444039,
    "1": 0.5057834597733446,
    "2": 0.1381708345040742,
    "3": 0.09368268240142363,
    "4": 0.03280415847148076,
    "5": 0.016413786644188445,
    "6": 0.01173082326496207,
    "7": 0.004706378196122507
  },
  "2_outs__111": {
    "0": 0.6806269270298048,
    "1": 0.09753654802105836,
    "2": 0.09491473876292551,
    "3": 0.051392705077920174,
    "4": 0.05558759989093274,
    "5": 0.012065566205927388,
    "6": 0.00524886213478197,
    "7": 0.002627052876649118
  },
  "2_outs__011": {
    "0": 0.7498531628717426,
    "1": 0.044056033048143005,
    "2": 0.13362668128511854,
    "3": 0.04797168980167199,
    "4": 0.015667521585057853,
    "5": 0.00587837970123539,
    "6": 0.001962722947706404,
    "7": 0.0009838087593241577
  }
}