{
  "1_bot": {
    "-9": 0.032559638942617666,
    "-8": 0.020603835169318643,
    "-7": 0.039442607463391594,
    "-6": 0.09745654069022101,
    "-5": 0.14654269018312285,
    "-4": 0.19134759061804857,
    "-3": 0.2918638211561876,
    "-2": 0.38217865860210926,
    "-1": 0.4834013121220639,
    "0": 0.5934318940593614,
    "1": 0.7029407259917292,
    "2": 0.7710376871450697,
    "3": 0.8301762197652919,
    "4": 0.9136930436828483,
    "5": 0.9681053633767057,
    "6": 0.8661784287616512,
    "7": 0.9975124378109453,
    "8": 0.9966887417218542,
    "9": 0.9966887417218542
  },
  "2_bot": {
    "-9": 0.028435682881860727,
    "-8": 0.05131492198373746,
    "-7": 0.060779139613207876,
    "-6": 0.07730149272958568,
    "-5": 0.15499633984329106,
    "-4": 0.18059744298703567,
    "-3": 0.255479683111983,
    "-2": 0.34435655167362483,
    "-1": 0.45436657671178105,
    "0": 0.58086931182127,
    "1": 0.6959795391721405,
    "2": 0.7873093439473229,
    "3": 0.8563719266815063,
    "4": 0.9149306999569002,
    "5": 0.9397387805873549,
    "6": 0.9686439350425565,
    "7": 0.9718570947084596,
    "8": 0.9998809807188765,
    "9": 0.977055883689232
  },
  "3_bot": {
    "-9": 0.030570185482024274,
    "-8": 0.020502029719563518,
    "-7": 0.049633901986854176,
    "-6": 0.07794976662295623,
    "-5": 0.1197845404567031,
    "-4": 0.16552571793445345,
    "-3": 0.24578237218953247,
    "-2": 0.3390960366656367,
    "-1": 0.45496054111516465,
    "0": 0.5818936294316802,
    "1": 0.7111978590843518,
    "2": 0.8079113830718945,
    "3": 0.8691011143868063,
    "4": 0.9229740788880574,
    "5": 0.9436298164653978,
    "6": 0.969597726478321,
    "7": 0.9825243643058951,
    "8": 0.9866786260049166,
    "9": 0.999937895913551
  },
  "4_bot": {
    "-9": 0.018265756724207147,
    "-8": 0.025364597066996616,
    "-7": 0.03659074807493525,
    "-6": 0.06556579095502678,
    "-5": 0.0955541054414238,
    "-4": 0.1420634019388136,
    "-3": 0.21961796088107524,
    "-2": 0.3151858872418824,
    "-1": 0.44202363534919326,
    "0": 0.590072832115825,
    "1": 0.7245441174412686,
    "2": 0.8245873456745564,
    "3": 0.8918106403460628,
    "4": 0.9339080377018353,
    "5": 0.9628858223386906,
    "6": 0.9752292034653883,
    "7": 0.986342377754727,
    "8": 0.9882188833988773,
    "9": 0.9969115038835545
  },
  "5_bot": {
    "-9": 0.009127366474831384,
    "-8": 0.018175846598929436,
    "-7": 0.029207098814361166,
    "-6": 0.043796077096711225,
    "-5": 0.07661911898925827,
    "-4": 0.11429236833411648,
    "-3": 0.19116244040685626,
    "-2": 0.2887912004001954,
    "-1": 0.4193666939466877,
    "0": 0.5915403680573763,
    "1": 0.7454995257026364,
    "2": 0.8461373248570867,
    "3": 0.9084412232210525,
    "4": 0.9499254409269321,
    "5": 0.9698222629006279,
    "6": 0.9820045327996667,
    "7": 0.9904254074916801,
    "8": 0.9944042010390868,
    "9": 0.9935532619529919
  },
  "6_bot": {
    "-9": 0.004617426406886509,
    "-8": 0.01035391771331467,
    "-7": 0.01638538595060334,
    "-6": 0.031198584621433236,
    "-5": 0.05594906043166639,
    "-4": 0.09078078231582296,
    "-3": 0.15668094599311758,
    "-2": 0.2615058901945148,
    "-1": 0.4048654796686104,
    "0": 0.6022114483956137,
    "1": 0.7776159275073331,
    "2": 0.8752952318907419,
    "3": 0.9325869581643704,
    "4": 0.9639620198532585,
    "5": 0.9786472955790453,
    "6": 0.9937956150056314,
    "7": 0.9937092832276369,
    "8": 0.9980066489185574,
    "9": 0.9989209632272815
  },
  "7_bot": {
    "-9": 0.0007448267724664828,
    "-8": 0.004833144572918587,
    "-7": 0.010262124467800126,
    "-6": 0.01633371002924712,
    "-5": 0.03672650669087811,
    "-4": 0.05964148982869081,
    "-3": 0.11418404982246551,
    "-2": 0.2124489169928144,
    "-1": 0.3573495859851118,
    "0": 0.612720670040962,
    "1": 0.8227811334661727,
    "2": 0.9125842853878356,
    "3": 0.9576179074269751,
    "4": 0.9791120983724048,
    "5": 0.9911465130025328,
    "6": 0.9951167439866554,
    "7": 0.9983770756263323,
    "8": 0.9990219073293691,
    "9": 0.9999922661675766
  },
  "8_bot": {
    "-9": 0.000601899858166172,
    "-8": 0.0023204454019660078,
    "-7": 0.0046926453090826515,
    "-6": 0.008160013330972639,
    "-5": 0.01948408409733097,
    "-4": 0.0385069284126421,
    "-3": 0.07652386442745752,
    "-2": 0.15225299075236315,
    "-1": 0.2914039095391953,
    "0": 0.6363213501633815,
    "1": 0.8930487777949521,
    "2": 0.9562292034501638,
    "3": 0.9836070385010186,
    "4": 0.9921707640987951,
    "5": 0.9970515196014361,
    "6": 0.997800374357603,
    "7": 0.9999973176109571,
    "8": 0.9995987318336764,
    "9": 0.9999938763762845
  },
  "9_bot": {
    "-9": 4.930917841046933e-06,
    "-8": 3.2970438704657407e-06,
    "-7": 0.0011049796869003663,
    "-6": 0.0034179163236820443,
    "-5": 0.008579298286020479,
    "-4": 0.013615259349566358,
    "-3": 0.034645323119693934,
    "-2": 0.08008758375004854,
    "-1": 0.18072259984276973,
    "0": 0.6637864919610752
  },
  "10_bot": {
    "-9": 0.0033112582781456954,
    "-8": 0.0009980039920159682,
    "-7": 0.0006657789613848203,
    "-6": 0.00023245002324500232,
    "-5": 0.010518641949593835,
    "-4": 0.025902939401775706,
    "-3": 0.034969515746961284,
    "-2": 0.08175700081747496,
    "-1": 0.19253865531250794,
    "0": 0.6604945562736532
  },
  "11_bot": {
    "-9": 0.00980392156862745,
    "-8": 0.0016611295681063125,
    "-7": 0.0007680491551459293,
    "-6": 0.00029394473838918284,
    "-5": 0.01740779041709755,
    "-4": 0.008415264122646225,
    "-3": 0.050227781638483515,
    "-2": 0.05807877165252734,
    "-1": 0.1758726203056734,
    "0": 0.665234349271623
  },
  "12_bot": {
    "-9": 0.00980392156862745,
    "-8": 0.0024875621890547268,
    "-7": 0.201195219123506,
    "-6": 0.06304619225967541,
    "-5": 0.0003843197540353574,
    "-4": 0.016827724091969344,
    "-3": 0.01869333002111539,
    "-2": 0.08748761005189203,
    "-1": 0.2014069536516461,
    "0": 0.6620591287659517
  },
  "13_bot": {
    "-9": 0.0049504950495049506,
    "-8": 0.00980392156862745,
    "-7": 0.0049504950495049506,
    "-6": 0.0011086474501108647,
    "-5": 0.0004541326067211626,
    "-4": 0.030587522713506964,
    "-3": 0.03582480361818614,
    "-2": 0.11333858733129741,
    "-1": 0.21846026891898454,
    "0": 0.6639602485895123
  },
  "14_bot": {
    "-9": 0.00980392156862745,
    "-8": 0.00980392156862745,
    "-7": 0.0024875621890547268,
    "-6": 0.0019920318725099606,
    "-5": 0.0007132667617689016,
    "-4": 0.0004757373929590866,
    "-3": 0.09109495683780099,
    "-2": 0.09716559891283247,
    "-1": 0.17197538684281963,
    "0": 0.6794060919879759
  },
  "15_bot": {
    "-9": 0.0049504950495049506,
    "-8": 0.0049504950495049506,
    "-7": 0.0049504950495049506,
    "-6": 0.0049504950495049506,
    "-5": 0.0014245014245014246,
    "-4": 0.0012468827930174565,
    "-3": 0.10742326909350464,
    "-2": 0.08634953464322646,
    "-1": 0.17653401293863952,
    "0": 0.6607665348381081
  },
  "1_top": {
    "0": 0.4596104643324834,
    "1": 0.5656042096319998,
    "2": 0.6928442474971278,
    "3": 0.750970550174503,
    "4": 0.8451022033448367,
    "5": 0.8887161261661483,
    "6": 0.8566333808844508,
    "7": 0.9966887417218542,
    "8": 0.9901960784313726,
    "9": 0.9901960784313726
  },
  "2_top": {
    "-9": 0.028840662478583665,
    "-8": 0.00016388069485414618,
    "-7": 0.032659493533311594,
    "-6": 0.05855811911614068,
    "-5": 0.08537307712409192,
    "-4": 0.11951390218618563,
    "-3": 0.17580007366796446,
    "-2": 0.2520906369357944,
    "-1": 0.3535891731187443,
    "0": 0.4662157558695125,
    "1": 0.584925096715464,
    "2": 0.6865753065945097,
    "3": 0.7742713115868517,
    "4": 0.8551353269886341,
    "5": 0.8819588642871194,
    "6": 0.9382445528053824,
    "7": 0.9411023357418922,
    "8": 0.9462691895751516,
    "9": 0.9996668887408395
  },
  "3_top": {
    "-9": 0.011684687826996859,